CSphd.mtx, 1
bcsstm08.mtx, 1
GD96_a.mtx, 1
stufe.mtx, 1
NotreDame_yeast.mtx, 1
netz4504.mtx, 1
bcsstm09.mtx, 1
bcspwr06.mtx, 1
minnesota.mtx, 1
bibd_81_2.mtx, 1
jagmesh2.mtx, 1
lshp1009.mtx, 1
bcspwr07.mtx, 1
delaunay_n10.mtx, 1
bcspwr08.mtx, 1
bcsstm11.mtx, 1
ukerbe1_dual.mtx, 1
jagmesh3.mtx, 1
sherman1.mtx, 1
saylr3.mtx, -1
jagmesh7.mtx, 1
jagmesh8.mtx, 1
jagmesh5.mtx, 1
bcspwr09.mtx, 1
dwt_1007.mtx, 1
dwt_1005.mtx, 1
S20PI_n1.mtx, 1
M20PI_n1.mtx, 1
diag.mtx, 1
netscience.mtx, 1
Roget.mtx, 1
lshp1270.mtx, 1
email.mtx, 1
G51.mtx, 1
G52.mtx, 1
G54.mtx, 1
G53.mtx, 1
S20PI_n.mtx, 1
M20PI_n.mtx, 1
jagmesh6.mtx, 1
jagmesh9.mtx, 1
1138_bus.mtx, 1
G32.mtx, 1
G33.mtx, 1
G34.mtx, 1
jagmesh4.mtx, 1
dwt_1242.mtx, 1
SmaGri.mtx, 1
bcsstm26.mtx, 1
can_1054.mtx, 1
lshp1561.mtx, 1
can_1072.mtx, 1
b2_ss.mtx, 1
G48.mtx, 1
G50.mtx, 1
G49.mtx, 1
tols1090.mtx, 1
rajat02.mtx, 1
grid2_dual.mtx, 1
Erdos972.mtx, 1
EVA.mtx, 1
grid2.mtx, 1
GD06_Java.mtx, 1
delaunay_n11.mtx, 1
Erdos982.mtx, 1
USpowerGrid.mtx, 1
yeast.mtx, 1
Erdos992.mtx, 1
lshp1882.mtx, 1
sherman4.mtx, 1
power.mtx, 1
olm1000.mtx, 1
Erdos02.mtx, 1
S40PI_n1.mtx, 1
M40PI_n1.mtx, 1
bcsstm23.mtx, 1
blckhole.mtx, 1
tub1000.mtx, 1
uk.mtx, 1
G46.mtx, 1
G43.mtx, 1
G44.mtx, 1
G47.mtx, 1
G45.mtx, 1
ukerbe1.mtx, 1
S40PI_n.mtx, 1
M40PI_n.mtx, 1
lshp2233.mtx, 1
EPA.mtx, 1
tols2000.mtx, 1
gre_1107.mtx, 1
eris1176.mtx, 1
Chem97ZtZ.mtx, 1
b_dyn.mtx, 1
laser.mtx, 1
west1505.mtx, 1
bcsstm24.mtx, 1
./
rajat19.mtx, 1
lshp2614.mtx, 1
G35.mtx, 1
G37.mtx, 1
G38.mtx, 1
G36.mtx, 1
qh1484.mtx, 1
bcsstm21.mtx, 1
poli.mtx, 1
rdb1250l.mtx, 1
iprob.mtx, 1
orsirr_1.mtx, 1
rdb1250.mtx, 1
lshp3025.mtx, 1
SciMet.mtx, 1
Kohonen.mtx, 1
airfoil1_dual.mtx, 1
airfoil1.mtx, 1
G55.mtx, 1
G57.mtx, 1
sstmodel.mtx, 1
G39.mtx, 1
G42.mtx, 1
G41.mtx, 1
G40.mtx, 1
west2021.mtx, 1
delaunay_n12.mtx, 1
circuit204.mtx, 1
dwt_2680.mtx, 1
lshp3466.mtx, 1
bcspwr10.mtx, 1
t2dal_e.mtx, 1
3elt_dual.mtx, 1
3elt.mtx, 1
as-735.mtx, 1
plsk1919.mtx, 1
geom.mtx, 1
mahindas.mtx, 1
tols4000.mtx, 1
ca-GrQc.mtx, 1
olm2000.mtx, 1
S80PI_n1.mtx, 1
M80PI_n1.mtx, 1
fpga_dcop_05.mtx, 1
fpga_dcop_07.mtx, 1
fpga_dcop_06.mtx, 1
fpga_dcop_04.mtx, 1
data.mtx, 1
fpga_dcop_03.mtx, 1
fpga_dcop_08.mtx, 1
fpga_dcop_02.mtx, 1
California.mtx, 1
fpga_dcop_09.mtx, 1
fpga_dcop_10.mtx, 1
fpga_dcop_11.mtx, 1
fpga_dcop_13.mtx, 1
fpga_dcop_15.mtx, 1
S80PI_n.mtx, 1
M80PI_n.mtx, 1
fpga_dcop_16.mtx, 1
G56.mtx, 1
fpga_dcop_14.mtx, 1
fpga_dcop_12.mtx, 1
fpga_dcop_17.mtx, 1
fpga_dcop_22.mtx, 1
fpga_dcop_18.mtx, 1
fpga_dcop_21.mtx, 1
fpga_dcop_24.mtx, 1
fpga_dcop_23.mtx, 1
fpga_dcop_19.mtx, 1
fpga_dcop_20.mtx, 1
fpga_dcop_27.mtx, 1
fpga_dcop_28.mtx, 1
fpga_dcop_25.mtx, 1
fpga_dcop_26.mtx, 1
fpga_dcop_34.mtx, 1
fpga_dcop_41.mtx, 1
fpga_dcop_40.mtx, 1
fpga_dcop_51.mtx, 1
fpga_dcop_29.mtx, 1
fpga_dcop_38.mtx, 1
fpga_dcop_36.mtx, 1
fpga_dcop_47.mtx, 1
fpga_dcop_44.mtx, 1
fpga_dcop_45.mtx, 1
fpga_dcop_43.mtx, 1
fpga_dcop_48.mtx, 1
fpga_dcop_46.mtx, 1
fpga_dcop_39.mtx, 1
fpga_dcop_49.mtx, 1
fpga_dcop_42.mtx, 1
fpga_dcop_50.mtx, 1
fpga_dcop_33.mtx, 1
fpga_dcop_35.mtx, 1
fpga_dcop_37.mtx, 1
fpga_dcop_32.mtx, 1
fpga_dcop_30.mtx, 1
fpga_dcop_31.mtx, 1
ex32.mtx, 1
rail_1357.mtx, 1
rajat04.mtx, 1
fpga_dcop_01.mtx, 1
bcsstk08.mtx, 1
nnc1374.mtx, 1
G60.mtx, 1
G62.mtx, 1
zenios.mtx, 1
Pd.mtx, 1
G26.mtx, 1
G24.mtx, 1
G25.mtx, 1
G22.mtx, 1
G23.mtx, 1
rdb2048.mtx, 1
bcsstm38.mtx, -1
rdb2048_noL.mtx, 1
bwm2000.mtx, 1
filter2D.mtx, 1
commanche_dual.mtx, 1
m3plates.mtx, 1
fpga_trans_02.mtx, 1
fpga_trans_01.mtx, 1
pores_2.mtx, 1
c-18.mtx, 1
G65.mtx, 1
p2p-Gnutella08.mtx, 1
polblogs.mtx, 1
ODLIS.mtx, 1
G61.mtx, 1
lock1074.mtx, 1
lung1.mtx, 1
rajat12.mtx, 1
epb0.mtx, 1
extr1.mtx, 1
bcsstk09.mtx, 1
G66.mtx, 1
hep-th.mtx, 1
watt_1.mtx, 1
Oregon-1.mtx, 1
barth4.mtx, 1
G30.mtx, 1
G29.mtx, 1
G31.mtx, 1
G28.mtx, 1
G27.mtx, 1
saylr4.mtx, 1
watt_2.mtx, 1
orsreg_1.mtx, 1
extr1b.mtx, 1
G67.mtx, 1
Trefethen_2000.mtx, 1
delaunay_n13.mtx, 1
p2p-Gnutella09.mtx, 1
bcsstm12.mtx, 1
barth.mtx, 1
ca-HepTh.mtx, 1
G58.mtx, 1
dw1024.mtx, 1
dw2048.mtx, 1
bcsstk10.mtx, 1
bcsstm10.mtx, 1
spiral.mtx, 1
bcsstk21.mtx, -1
c-20.mtx, -1
mhd3200b.mtx, 1
cage8.mtx, 1
rw5151.mtx, 1
Alemdar.mtx, 1
c-19.mtx, 1
whitaker3.mtx, 1
rajat06.mtx, 1
PGPgiantcompo.mtx, 1
bcsstm13.mtx, 1
rdb3200l.mtx, 1
crack.mtx, 1
p2p-Gnutella06.mtx, 1
pde2961.mtx, 1
pf2177.mtx, 1
p2p-Gnutella05.mtx, 1
whitaker3_dual.mtx, 1
adder_dcop_05.mtx, 1
adder_dcop_04.mtx, 1
Oregon-2.mtx, 1
init_adder1.mtx, 1
adder_dcop_01.mtx, 1
adder_dcop_03.mtx, 1
ex33.mtx, -1
adder_dcop_02.mtx, 1
adder_dcop_07.mtx, 1
adder_dcop_06.mtx, 1
adder_dcop_08.mtx, 1
adder_dcop_10.mtx, 1
adder_dcop_09.mtx, 1
adder_dcop_11.mtx, 1
adder_dcop_14.mtx, 1
adder_dcop_12.mtx, 1
adder_dcop_13.mtx, 1
adder_dcop_15.mtx, 1
adder_dcop_16.mtx, 1
adder_dcop_19.mtx, 1
adder_dcop_17.mtx, 1
adder_dcop_18.mtx, 1
adder_dcop_21.mtx, 1
adder_dcop_20.mtx, 1
adder_dcop_22.mtx, 1
adder_dcop_25.mtx, 1
adder_dcop_24.mtx, 1
adder_dcop_23.mtx, 1
adder_dcop_26.mtx, 1
adder_dcop_27.mtx, 1
adder_dcop_31.mtx, 1
adder_dcop_33.mtx, 1
adder_dcop_34.mtx, 1
adder_dcop_32.mtx, 1
adder_dcop_35.mtx, 1
adder_dcop_29.mtx, 1
adder_dcop_28.mtx, 1
adder_dcop_36.mtx, 1
adder_dcop_30.mtx, 1
adder_dcop_38.mtx, 1
adder_dcop_37.mtx, 1
adder_dcop_39.mtx, 1
adder_dcop_46.mtx, 1
adder_dcop_40.mtx, 1
adder_dcop_49.mtx, 1
adder_dcop_50.mtx, 1
adder_dcop_57.mtx, 1
adder_dcop_56.mtx, 1
adder_dcop_51.mtx, 1
adder_dcop_53.mtx, 1
adder_dcop_61.mtx, 1
adder_dcop_65.mtx, 1
adder_dcop_58.mtx, 1
adder_dcop_69.mtx, 1
adder_dcop_43.mtx, 1
adder_dcop_62.mtx, 1
adder_dcop_63.mtx, 1
adder_dcop_52.mtx, 1
adder_dcop_59.mtx, 1
adder_dcop_48.mtx, 1
adder_dcop_60.mtx, 1
adder_dcop_47.mtx, 1
adder_dcop_41.mtx, 1
adder_dcop_68.mtx, 1
adder_dcop_66.mtx, 1
adder_dcop_45.mtx, 1
adder_dcop_67.mtx, 1
adder_dcop_64.mtx, 1
adder_dcop_44.mtx, 1
adder_dcop_55.mtx, 1
adder_dcop_42.mtx, 1
adder_dcop_54.mtx, 1
EX3.mtx, -1
EX4.mtx, 1
crack_dual.mtx, 1
radfr1.mtx, 1
G59.mtx, 1
TSOPF_FS_b9_c1.mtx, 1
fe_4elt2.mtx, 1
cryg2500.mtx, 1
cz1268.mtx, 1
msc01050.mtx, 1
wb-cs-stanford.mtx, 1
wang1.mtx, 1
wang2.mtx, 1
cegb3306.mtx, 1
c-22.mtx, -1
G63.mtx, 1
lock2232.mtx, 1
olm5000.mtx, -1
cegb3024.mtx, 1
bcsstm37.mtx, -1
L-9.mtx, 1
shyy41.mtx, 1
bcsstm25.mtx, 1
p2p-Gnutella04.mtx, 1
bcsstk26.mtx, 1
c-23.mtx, 1
sherman3.mtx, 1
c-28.mtx, 1
c-27.mtx, -1
meg4.mtx, 1
adder_trans_01.mtx, 1
adder_trans_02.mtx, 1
add20.mtx, 1
rajat07.mtx, 1
sherman5.mtx, 1
rajat01.mtx, 1
qpband.mtx, 1
bcsstk11.mtx, 1
bcsstk12.mtx, 1
c-21.mtx, 1
mhd4800b.mtx, 1
swang2.mtx, 1
plbuckle.mtx, 1
swang1.mtx, 1
coater1.mtx, 1
Sieber.mtx, 1
sherman2.mtx, 1
lhr01.mtx, 1
tuma2.mtx, -1
poli_large.mtx, 1
as-22july06.mtx, 1
c-26.mtx, 1
ex4.mtx, 1
eurqsa.mtx, -1
g7jac010sc.mtx, 1
bayer09.mtx, 1
bloweybq.mtx, -1
biplane-9.mtx, 1
g7jac010.mtx, 1
c-24.mtx, 1
cell2.mtx, -1
hydr1.mtx, 1
G64.mtx, 1
Hamrle2.mtx, 1
Lederberg.mtx, 1
bcsstm35.mtx, -1
rdb5000.mtx, 1
aug3d.mtx, 1
cs4.mtx, 1
circuit_2.mtx, 1
hydr1c.mtx, 1
plat1919.mtx, -1
big_dual.mtx, 1
shermanACa.mtx, 1
stufe-10.mtx, 1
nopoly.mtx, 1
nasa1824.mtx, 1
vsp_p0291_seymourl_iiasa.mtx, 1
cti.mtx, 1
poli3.mtx, 1
lns_3937.mtx, 1
delaunay_n14.mtx, 1
fe_sphere.mtx, 1
lnsp3937.mtx, 1
aug2d.mtx, 1
ncvxqp9.mtx, 1
dtoc.mtx, -1
vsp_data_and_seymourl.mtx, 1
Chebyshev2.mtx, 1
rajat08.mtx, 1
aug2dc.mtx, 1
se.mtx, 1
shuttle_eddy.mtx, 1
c-29.mtx, 1
cell1.mtx, -1
vsp_c-30_data_data.mtx, 1
sit100.mtx, -1
msc01440.mtx, 1
bcsstk23.mtx, -1
utm1700b.mtx, 1
p2p-Gnutella25.mtx, 1
bayer05.mtx, 1
add32.mtx, 1
rail_5177.mtx, 1
n3c6-b7.mtx, 1
bayer07.mtx, 1
t2dal_a.mtx, -1
t2dal.mtx, -1
t2dal_bci.mtx, -1
Zewail.mtx, 1
ford1.mtx, 1
barth5.mtx, 1
t3dl_e.mtx, 1
c-25.mtx, 1
ncvxqp1.mtx, -1
gemat12.mtx, 1
fv3.mtx, 1
gemat11.mtx, 1
jan99jac020sc.mtx, 1
jan99jac020.mtx, -1
ex29.mtx, 1
bayer08.mtx, 1
c-32.mtx, -1
bayer06.mtx, 1
bcsstk27.mtx, 1
bcsstm27.mtx, -1
fd12.mtx, -1
p2p-Gnutella24.mtx, 1
cz2548.mtx, 1
fv1.mtx, 1
rajat09.mtx, 1
fv2.mtx, 1
ex3.mtx, 1
c-33.mtx, 1
lhr02.mtx, 1
cond-mat.mtx, -1
lock3491.mtx, 1
wing_nodal.mtx, 1
ex10.mtx, -1
bcsstk14.mtx, 1
cavity08.mtx, 1
cca.mtx, 1
cavity06.mtx, 1
shock-9.mtx, 1
ex10hs.mtx, -1
rajat03.mtx, 1
fxm3_6.mtx, -1
c-30.mtx, 1
tuma1.mtx, -1
c-35.mtx, -1
c-36.mtx, -1
cavity09.mtx, 1
ccc.mtx, 1
cavity07.mtx, 1
c-34.mtx, 1
bcsstm39.mtx, 1
cavity05.mtx, 1
rajat13.mtx, 1
pds10.mtx, 1
rajat10.mtx, 1
ex14.mtx, 1
nasa2146.mtx, 1
bips98_606.mtx, 1
de2010.mtx, 1
dictionary28.mtx, 1
c-37.mtx, -1
p2p-Gnutella30.mtx, 1
wiki-Vote.mtx, 1
vsp_befref_fxm_2_4_air02.mtx, 1
circuit_1.mtx, 1
c-38.mtx, -1
bcsstk13.mtx, -1
bloweybl.mtx, -1
poli4.mtx, -1
g3rmt3m3.mtx, 1
ca-CondMat.mtx, 1
pesa.mtx, 1
ex13.mtx, -1
c-31.mtx, 1
t60k.mtx, 1
hi2010.mtx, 1
viscoplastic1.mtx, -1
ri2010.mtx, 1
cvxqp3.mtx, -1
c-40.mtx, 1
FA.mtx, -1
bips98_1142.mtx, 1
skirt.mtx, 1
sts4098.mtx, 1
g7jac020sc.mtx, 1
dw4096.mtx, -1
dw8192.mtx, -1
g7jac020.mtx, 1
man_5976.mtx, 1
Chebyshev3.mtx, -1
shermanACd.mtx, -1
delaunay_n15.mtx, 1
fd15.mtx, -1
c-44.mtx, -1
flowmeter0.mtx, -1
cage9.mtx, 1
bfly.mtx, 1
ex3sta1.mtx, -1
ex12.mtx, 1
ex23.mtx, 1
vsp_barth5_1Ksep_50in_5Kout.mtx, 1
struct4.mtx, 1
nopss_11k.mtx, 1
bips98_1450.mtx, 1
bloweya.mtx, -1
bayer03.mtx, 1
utm3060.mtx, 1
ca-HepPh.mtx, 1
circuit_3.mtx, -1
big.mtx, 1
aft01.mtx, -1
copter1.mtx, 1
xingo_afonso_itaipu.mtx, 1
mimo46x46_system.mtx, 1
ww_vref_6405.mtx, 1
mimo28x28_system.mtx, 1
zeros_nopss_13k.mtx, 1
mimo8x8_system.mtx, 1
TS.mtx, 1
bips07_1693.mtx, 1
msc04515.mtx, -1
cegb2802.mtx, 1
mark3jac020sc.mtx, -1
ex24.mtx, 1
ex6.mtx, 1
mark3jac020.mtx, -1
Kaufhold.mtx, -1
as-caida.mtx, 1
ex7.mtx, 1
vt2010.mtx, 1
c-41.mtx, -1
bratu3d.mtx, -1
TSOPF_RS_b9_c6.mtx, 1
ex9.mtx, -1
cryg10000.mtx, -1
EX5.mtx, 1
EX6.mtx, 1
wing.mtx, 1
nasa4704.mtx, -1
luxembourg_osm.mtx, 1
ex36.mtx, 1
ex15.mtx, -1
cz5108.mtx, -1
foldoc.mtx, 1
tandem_vtx.mtx, 1
c-42.mtx, -1
LFAT5000.mtx, -1
rdist2.mtx, 1
cegb2919.mtx, 1
jan99jac040sc.mtx, -1
aug3dcqp.mtx, -1
jan99jac040.mtx, -1
bcsstk15.mtx, 1
bodyy4.mtx, 1
vsp_sctap1-2b_and_seymourl.mtx, 1
linverse.mtx, 1
brainpc2.mtx, -1
rdist3a.mtx, 1
meg1.mtx, 1
c-43.mtx, -1
fd18.mtx, -1
bodyy5.mtx, 1
crystm01.mtx, 1
garon1.mtx, 1
bips07_1998.mtx, 1
c-39.mtx, -1
t520.mtx, 1
powersim.mtx, -1
OPF_3754.mtx, -1
p2p-Gnutella31.mtx, 1
c-46.mtx, -1
LF10000.mtx, -1
obstclae.mtx, 1
torsion1.mtx, 1
CurlCurl_0.mtx, 1
bodyy6.mtx, -1
bips07_2476.mtx, 1
mhd3200a.mtx, 1
Wordnet3.mtx, 1
ex37.mtx, 1
rgg_n_2_15_s0.mtx, 1
email-Enron.mtx, 1
Reuters911.mtx, 1
descriptor_xingo6u.mtx, 1
xingo3012.mtx, 1
fe_body.mtx, 1
finance256.mtx, 1
bips07_3078.mtx, 1
ak2010.mtx, 1
orani678.mtx, 1
thermal.mtx, 1
bayer02.mtx, -1
vsp_model1_crew1_cr42_south31.mtx, 1
usroads-48.mtx, 1
flowmeter5.mtx, -1
cond-mat-2003.mtx, -1
ex18.mtx, -1
cavity15.mtx, 1
cavity13.mtx, 1
net25.mtx, 1
cavity11.mtx, 1
ex20.mtx, 1
usroads.mtx, 1
bcsstk24.mtx, -1
nh2010.mtx, 1
lhr04.mtx, 1
lpl1.mtx, 1
bcsstk18.mtx, -1
pwt.mtx, 1
lhr04c.mtx, 1
vsp_south31_slptsk.mtx, 1
TSOPF_FS_b9_c6.mtx, -1
case9.mtx, -1
cavity14.mtx, -1
cavity12.mtx, 0
astro-ph.mtx, 0
cavity10.mtx, 0
ex28.mtx, 0
stokes64.mtx, 0
ca-AstroPh.mtx, 0
bayer10.mtx, 0
CAG_mat1916.mtx, 0
a5esindl.mtx, 0
c-49.mtx, 0
stokes64s.mtx, 0
mario001.mtx, 0
c-48.mtx, 0
delaunay_n16.mtx, 0
ex26.mtx, 0
c-45.mtx, 0
utm5940.mtx, 0
ted_B.mtx, 0
jan99jac060sc.mtx, 0
nasa2910.mtx, 0
jan99jac060.mtx, 0
ted_B_unscaled.mtx, 0
rdist1.mtx, 0
t2d_q4.mtx, 0
t2d_q9.mtx, 0
rail_20209.mtx, 0
SiH4.mtx, 0
c-50.mtx, 0
ex8.mtx, 0
mhd4800a.mtx, 0
mark3jac040sc.mtx, 0
vsp_c-60_data_cti_cs4.mtx, 1
piston.mtx, 0
bcsstk28.mtx, 0
Muu.mtx, 0
mark3jac040.mtx, 0
coupled.mtx, 0
c-51.mtx, 0
c-52.mtx, 0
g7jac040sc.mtx, 0
comsol.mtx, 0
epb1.mtx, 0
ex31.mtx, 0
rajat27.mtx, 0
g7jac040.mtx, 0
t2dah_a.mtx, 0
t2dah.mtx, 0
bcsstk33.mtx, 0
ct2010.mtx, 0
cz10228.mtx, 0
onera_dual.mtx, 0
cond-mat-2005.mtx, 0
me2010.mtx, 0
c-47.mtx, 0
SiNa.mtx, 0
internet.mtx, 0
t2dah_e.mtx, 0
a2nnsnsl.mtx, 0
s3rmt3m3.mtx, 0
s1rmt3m1.mtx, 0
shermanACb.mtx, 0
jnlbrng1.mtx, 0
a0nsdsil.mtx, 0
s2rmt3m1.mtx, 0
s3rmt3m1.mtx, 0
tandem_dual.mtx, 0
memplus.mtx, 0
enron.mtx, 0
bcsstk29.mtx, 0
jan99jac080sc.mtx, 0
jan99jac080.mtx, 0
OPF_6000.mtx, 0
hvdc1.mtx, 0
bcsstk25.mtx, 0
vsp_bump2_e18_aa01_model1_crew1.mtx, 0
cont-201.mtx, 0
wang3.mtx, 0
bayer04.mtx, 0
cvxbqp1.mtx, 0
raefsky6.mtx, 0
benzene.mtx, 0
wang4.mtx, 0
minsurfo.mtx, 0
nv2010.mtx, 0
sd2010.mtx, 0
juba40k.mtx, 0
bauru5727.mtx, 0
cavity25.mtx, 0
ncvxbqp1.mtx, 0
cavity23.mtx, 0
cavity21.mtx, 0
cavity19.mtx, 0
bcsstk16.mtx, 0
cavity17.mtx, 0
Trefethen_20000b.mtx, 0
Trefethen_20000.mtx, 0
ford2.mtx, 0
wy2010.mtx, 0
HEP-th.mtx, 0
s1rmq4m1.mtx, 0
cavity26.mtx, 0
cavity24.mtx, 0
cavity22.mtx, 0
lhr07.mtx, 0
cavity20.mtx, 0
cavity18.mtx, 0
lhr07c.mtx, 0
s2rmq4m1.mtx, 0
cavity16.mtx, 0
pfinan512.mtx, 0
HEP-th-new.mtx, 0
cit-HepTh.mtx, 0
spmsrtls.mtx, 0
g7jac050sc.mtx, 0
s3rmq4m1.mtx, 0
rgg_n_2_16_s0.mtx, 0
Ill_Stokes.mtx, 0
Dubcova1.mtx, 0
bcsstk38.mtx, 0
pkustk02.mtx, 0
c-60.mtx, 0
jan99jac100sc.mtx, 0
mark3jac060sc.mtx, 0
ncvxqp5.mtx, 0
igbt3.mtx, 0
cage10.mtx, 0
jan99jac100.mtx, 0
mark3jac060.mtx, 0
EAT_SR.mtx, 0
EAT_RS.mtx, 0
brack2.mtx, 0
fxm4_6.mtx, 0
c-61.mtx, 0
bcsstm36.mtx, 0
onetone2.mtx, 0
cyl6.mtx, 0
raefsky5.mtx, 0
vsp_mod2_pgp2_slptsk.mtx, 0
email-EuAll.mtx, 0
Na5.mtx, 0
ncvxqp3.mtx, -1
dixmaanl.mtx, 0
copter2.mtx, 0
blockqp1.mtx, 0
Zhao1.mtx, 0
cit-HepPh.mtx, 0
vibrobox.mtx, 0
Zhao2.mtx, 0
delaunay_n17.mtx, 0
vsp_vibrobox_scagr7-2c_rlfddd.mtx, 0
crystk01.mtx, 0
net50.mtx, 0
tube1.mtx, 0
coater2.mtx, 0
jan99jac120sc.mtx, 0
c-53.mtx, 0
Kuu.mtx, 0
fe_ocean.mtx, 0
pcrystk02.mtx, 0
g7jac060sc.mtx, 0
c-65.mtx, 0
jan99jac120.mtx, 0
ut2010.mtx, 0
soc-Epinions1.mtx, 0
OPF_10000.mtx, 0
g7jac060.mtx, 0
crplat2.mtx, 0
crystm02.mtx, 0
ncvxqp7.mtx, 0
epb2.mtx, 0
fe_tooth.mtx, 0
goodwin.mtx, 0
c-66.mtx, 0
c-56.mtx, 0
c-57.mtx, 0
c-54.mtx, 0
pkustk01.mtx, 0
preferentialAttachment.mtx, 0
bcsstk17.mtx, 0
mark3jac080sc.mtx, 0
lhr11.mtx, 0
lhr11c.mtx, 0
lhr10.mtx, 0
mark3jac080.mtx, 0
c-55.mtx, 0
lhr10c.mtx, 0
nd2010.mtx, 0
k1_san.mtx, 0
chem_master1.mtx, 0
smallworld.mtx, 0
mt2010.mtx, 0
G_n_pin_pout.mtx, 0
mult_dcop_01.mtx, 0
mult_dcop_03.mtx, 0
gyro_m.mtx, 0
tube2.mtx, 0
Andrews.mtx, 0
wv2010.mtx, 0
rajat22.mtx, 0
cz20468.mtx, 0
mult_dcop_02.mtx, 0
c-63.mtx, 0
TSOPF_RS_b162_c1.mtx, 0
shallow_water2.mtx, 0
shallow_water1.mtx, 0
nemeth08.mtx, 0
md2010.mtx, 0
nemeth09.mtx, 0
nemeth07.mtx, 0
nemeth06.mtx, 0
nemeth05.mtx, 0
nemeth02.mtx, 0
nemeth04.mtx, 0
nemeth03.mtx, 0
apache1.mtx, 0
nemeth10.mtx, 0
ckt11752_dc_1.mtx, 0
nemeth11.mtx, 0
psmigr_1.mtx, 0
c-67.mtx, 0
ABACUS_shell_ud.mtx, 0
soc-sign-Slashdot081106.mtx, 0
c-66b.mtx, 0
vsp_finan512_scagr7-2c_rlfddd.mtx, 0
id2010.mtx, 0
ex35.mtx, 0
c-62.mtx, 0
onetone1.mtx, 0
c-59.mtx, 0
bcsstk31.mtx, 0
ckt11752_tr_0.mtx, 0
soc-sign-Slashdot090216.mtx, 0
soc-sign-Slashdot090221.mtx, 0
ma2010.mtx, 0
viscoplastic2.mtx, 0
mark3jac100sc.mtx, 0
struct3.mtx, 0
nemeth12.mtx, 0
helm3d01.mtx, 0
mark3jac100.mtx, 0
shyy161.mtx, 0
ky2010.mtx, 0
caidaRouterLevel.mtx, 0
circuit_4.mtx, 0
bundle1.mtx, 0
TSOPF_RS_b39_c7.mtx, 0
ex19.mtx, 0
g7jac080sc.mtx, 0
pli.mtx, 0
nmos3.mtx, 0
c-67b.mtx, 0
nemeth13.mtx, 0
airfoil_2d.mtx, 0
wathen100.mtx, 0
lhr14.mtx, 0
lhr14c.mtx, 0
nj2010.mtx, 0
g7jac080.mtx, 0
olesnik0.mtx, 0
rajat26.mtx, 0
raefsky2.mtx, 0
nm2010.mtx, 0
raefsky1.mtx, 0
garon2.mtx, 0
fe_rotor.mtx, 0
ms2010.mtx, 0
nemeth14.mtx, 0
c-68.mtx, 0
sinc12.mtx, 0
net75.mtx, 0
c-62ghs.mtx, 0
c-58.mtx, 0
2D_27628_bjtcai.mtx, 0
c-64.mtx, 0
sc2010.mtx, 0
ar2010.mtx, 0
cont-300.mtx, 0
nemeth15.mtx, 0
mark3jac120sc.mtx, 0
ne2010.mtx, 0
t3dl_a.mtx, 0
t3dl.mtx, 0
mark3jac120.mtx, 0
finan512.mtx, 0
wa2010.mtx, 0
c-69.mtx, 0
bayer01.mtx, 0
598a.mtx, 0
rgg_n_2_17_s0.mtx, 0
stokes128.mtx, 0
chipcool0.mtx, 0
chipcool1.mtx, 0
gridgena.mtx, 0
wathen120.mtx, 0
co2010.mtx, 0
pkustk09.mtx, 0
la2010.mtx, 0
or2010.mtx, 0
nemeth16.mtx, 0
TSOPF_FS_b162_c1.mtx, 0
c-70.mtx, 0
HTC_336_9129.mtx, 0
lhr17.mtx, 0
lhr17c.mtx, 0
HTC_336_4438.mtx, 0
ia2010.mtx, 0
ecl32.mtx, 0
crystm03.mtx, 0
g7jac100sc.mtx, 0
soc-Slashdot0811.mtx, 0
c-64b.mtx, 0
pcrystk03.mtx, 0
cbuckle.mtx, 0
nemeth17.mtx, 0
G2_circuit.mtx, 0
mark3jac140sc.mtx, 0
graham1.mtx, 0
inlet.mtx, 0
g7jac100.mtx, 0
c-72.mtx, 0
coAuthorsCiteseer.mtx, 0
thermal1.mtx, 0
mark3jac140.mtx, 0
soc-Slashdot0902.mtx, 0
opt1.mtx, 0
delaunay_n18.mtx, 0
rail_79841.mtx, 0
denormal.mtx, 0
dblp-2010.mtx, 0
ks2010.mtx, 0
rajat15.mtx, 0
poisson3Da.mtx, 0
trdheim.mtx, 0
af23560.mtx, 0
k3plates.mtx, 0
patents_main.mtx, 0
nemeth18.mtx, 0
net100.mtx, 0
TSOPF_FS_b39_c7.mtx, 0
nemeth01.mtx, 0
Pres_Poisson.mtx, 0
soc-sign-epinions.mtx, 0
bcircuit.mtx, 0
e40r0100.mtx, 0
tn2010.mtx, 0
az2010.mtx, 0
3D_28984_Tetra.mtx, 0
Si5H12.mtx, 0
wi2010.mtx, 0
psmigr_2.mtx, 0
al2010.mtx, 0
bcsstk30.mtx, 0
mn2010.mtx, 0
psmigr_3.mtx, 0
bcsstk32.mtx, 0
boyd1.mtx, 0
gupta1.mtx, 0
ok2010.mtx, 0
in2010.mtx, 0
g7jac120sc.mtx, 0
m133-b3.mtx, 0
shar_te2-b3.mtx, 0
cz40948.mtx, 0
NotreDame_www.mtx, 0
coAuthorsDBLP.mtx, 0
c-71.mtx, 0
g7jac120.mtx, 0
ted_A_unscaled.mtx, 0
ch7-8-b5.mtx, 0
thermomech_TK.mtx, 0
pkustk05.mtx, 0
GT01R.mtx, 0
nemeth19.mtx, 0
TSC_OPF_300.mtx, 0
pkustk07.mtx, 0
ted_A.mtx, 0
thermomech_TC.mtx, 0
ex40.mtx, 0
wave.mtx, 0
va2010.mtx, 0
olafu.mtx, 0
vsp_msc10848_300sep_100in_1Kout.mtx, 0
FEM_3D_thermal1.mtx, 0
tsyl201.mtx, 0
nc2010.mtx, 0
ga2010.mtx, 0
lp1.mtx, 0
bcsstk36.mtx, 0
Si10H16.mtx, 0
bcsstk37.mtx, 0
net125.mtx, 0
dawson5.mtx, 0
boyd2.mtx, 0
g7jac140sc.mtx, 0
net4-1.mtx, 0
epb3.mtx, 0
g7jac140.mtx, 0
pkustk06.mtx, 0
citationCiteseer.mtx, 0
mi2010.mtx, 0
nemeth20.mtx, 0
std1_Jac2_db.mtx, 0
ramage02.mtx, 0
gyro_k.mtx, 0
gyro.mtx, 0
dc2.mtx, 0
msc23052.mtx, 0
dc3.mtx, 0
lung2.mtx, 0
crystk02.mtx, 0
rajat18.mtx, 0
msc10848.mtx, 0
sinc15.mtx, 0
mo2010.mtx, 0
dc1.mtx, 0
pct20stif.mtx, 0
amazon0302.mtx, 0
case39.mtx, 0
hcircuit.mtx, 0
cage11.mtx, 0
fp.mtx, 0
lhr34.mtx, 0
std1_Jac3_db.mtx, 0
trans4.mtx, 0
ny2010.mtx, 0
trans5.mtx, 0
lhr34c.mtx, 0
g7jac160sc.mtx, 0
oh2010.mtx, 0
c-73.mtx, 0
Dubcova2.mtx, 0
g7jac160.mtx, 0
net150.mtx, 0
srb1.mtx, 0
rajat23.mtx, 0
rajat16.mtx, 0
bcsstk35.mtx, 0
raefsky4.mtx, 0
rajat17.mtx, 0
pkustk08.mtx, 0
c-73b.mtx, 0
d_pretok.mtx, 0
nemeth21.mtx, 0
pkustk03.mtx, 0
3dtube.mtx, 0
rajat28.mtx, 0
heart2.mtx, 0
heart3.mtx, 0
turon_m.mtx, 0
TSOPF_RS_b162_c3.mtx, 0
2D_54019_highK.mtx, 0
g7jac180sc.mtx, 0
Baumann.mtx, 0
ASIC_100ks.mtx, 0
rajat20.mtx, 0
g7jac180.mtx, 0
pa2010.mtx, 0
rajat25.mtx, 0
Zd_Jac6_db.mtx, 0
web-NotreDame.mtx, 0
SiO.mtx, 0
rgg_n_2_18_s0.mtx, 0
ins2.mtx, 0
TSOPF_RS_b39_c19.mtx, 0
Zd_Jac2_db.mtx, 0
il2010.mtx, 0
bcsstk39.mtx, 0
3D_51448_3D.mtx, 0
ibm_matrix_2.mtx, 0
nemeth22.mtx, 0
delaunay_n19.mtx, 0
roadNet-PA.mtx, 0
g7jac200sc.mtx, 0
m14b.mtx, 0
Zd_Jac3_db.mtx, 0
g7jac200.mtx, 0
belgium_osm.mtx, 0
fl2010.mtx, 0
s4dkt3m2.mtx, 0
language.mtx, 0
vsp_bcsstk30_500sep_10in_1Kout.mtx, 0
nemeth24.mtx, 0
nemeth23.mtx, 0
nemeth25.mtx, 0
nemeth26.mtx, 0
exdata_1.mtx, 0
sparsine.mtx, 0
cfd1.mtx, 0
twotone.mtx, 0
gupta2.mtx, 0
pkustk04.mtx, 0
darcy003.mtx, 0
mario002.mtx, 0
sme3Da.mtx, 0
TSOPF_RS_b162_c4.mtx, 0
pkustk10.mtx, 0
2cubes_sphere.mtx, 0
sinc18.mtx, 0
roadNet-TX.mtx, 0
cop20k_A.mtx, 0
thermomech_dM.mtx, 0
qa8fk.mtx, 0
TSOPF_FS_b162_c3.mtx, 0
qa8fm.mtx, 0
crystk03.mtx, 0
debr.mtx, 0
gas_sensor.mtx, 0
scircuit.mtx, 0
rim.mtx, 0
Stanford.mtx, 0
web-Stanford.mtx, 0
TSOPF_FS_b39_c19.mtx, 0
transient.mtx, 0
pkustk11.mtx, 0
ex11.mtx, 0
TSC_OPF_1047.mtx, 0
ASIC_100k.mtx, 0
Lin.mtx, 0
torso2.mtx, 0
mac_econ_fwd500.mtx, 0
TSOPF_RS_b39_c30.mtx, 0
lhr71.mtx, 0
lhr71c.mtx, 0
kron_g500-logn16.mtx, 0
c-big.mtx, 1
ca2010.mtx, 0
H2O.mtx, 0
li.mtx, 0
ct20stif.mtx, 0
viscorocks.mtx, 0
engine.mtx, 0
vanbody.mtx, 0
netherlands_osm.mtx, 0
crashbasis.mtx, 0
majorbasis.mtx, 0
TSOPF_FS_b162_c4.mtx, 0
mc2depi.mtx, 0
nasasrb.mtx, 0
heart1.mtx, 0
xenon1.mtx, 0
pkustk13.mtx, 0
std1_Jac2.mtx, 0
oilpan.mtx, 0
roadNet-CA.mtx, 0
cfd2.mtx, 0
amazon0312.mtx, 0
hvdc2.mtx, 0
CurlCurl_1.mtx, 0
Raj1.mtx, 0
cnr-2000.mtx, 0
NACA0015.mtx, 0
delaunay_n20.mtx, 0
tx2010.mtx, 0
amazon0505.mtx, 0
raefsky3.mtx, 0
rgg_n_2_19_s0.mtx, 0
matrix_9.mtx, 0
amazon0601.mtx, 0
auto.mtx, 0
pkustk12.mtx, 0
std1_Jac3.mtx, 0
TSOPF_RS_b300_c1.mtx, 0
filter3D.mtx, 0
mixtank_new.mtx, 0
matrix-new_3.mtx, 0
TSOPF_FS_b39_c30.mtx, 0
appu.mtx, 0
helm2d03.mtx, 0
nd3k.mtx, 0
venkat01.mtx, 0
venkat50.mtx, 0
venkat25.mtx, 0
pattern1.mtx, 0
ecology2.mtx, 0
ecology1.mtx, 0
gupta3.mtx, 0
Zd_Jac2.mtx, 0
bbmat.mtx, 0
ns3Da.mtx, 0
Zd_Jac6.mtx, 0
GaAsH6.mtx, 0
invextr1_new.mtx, 0
av41092.mtx, 0
ASIC_320ks.mtx, 0
smt.mtx, 0
pdb1HYS.mtx, 0
gearbox.mtx, 0
s3dkt3m2.mtx, 0
cant.mtx, 0
Zd_Jac3.mtx, 0
rma10.mtx, 0
wiki-Talk.mtx, 0
cage12.mtx, 0
mip1.mtx, 0
rajat21.mtx, 0
sme3Db.mtx, 0
Dubcova3.mtx, 0
thread.mtx, 0
apache2.mtx, 0
ship_001.mtx, 0
rajat24.mtx, 0
water_tank.mtx, 0
ASIC_680ks.mtx, 0
boneS01.mtx, 0
TSOPF_FS_b300_c1.mtx, 0
web-Google.mtx, 0
parabolic_fem.mtx, 0
TSOPF_FS_b300.mtx, 0
amazon-2008.mtx, 0
webbase-1M.mtx, 0
offshore.mtx, 0
kron_g500-logn17.mtx, 0
s3dkq4m2.mtx, 0
t3dh_a.mtx, 0
t3dh.mtx, 0
fcondp2.mtx, 0
shipsec8.mtx, 0
t3dh_e.mtx, 0
poisson3Db.mtx, 0
t2em.mtx, 0
fullb.mtx, 0
barrier2-4.mtx, 0
barrier2-3.mtx, 0
barrier2-2.mtx, 0
barrier2-1.mtx, 0
F2.mtx, 0
troll.mtx, 0
barrier2-12.mtx, 0
barrier2-11.mtx, 0
barrier2-10.mtx, 0
barrier2-9.mtx, 0
ASIC_320k.mtx, 0
halfb.mtx, 0
Si34H36.mtx, 0
consph.mtx, 0
shipsec1.mtx, 0
ship_003.mtx, 0
thermomech_dK.mtx, 0
pkustk14.mtx, 0
delaunay_n21.mtx, 0
Ga3As3H12.mtx, 0
sme3Dc.mtx, 0
rgg_n_2_20_s0.mtx, 0
TSOPF_RS_b300_c2.mtx, 0
tmt_sym.mtx, 0
Ga10As10H30.mtx, 0
para-7.mtx, 0
para-6.mtx, 0
para-5.mtx, 0
para-9.mtx, 0
para-10.mtx, 0
para-8.mtx, 0
Stanford_Berkeley.mtx, 0
web-BerkStan.mtx, 0
stomach.mtx, 0
G3_circuit.mtx, 0
hugetrace-00000.mtx, 0
nd6k.mtx, 0
italy_osm.mtx, 0
para-4.mtx, 0
shipsec5.mtx, 0
ASIC_680k.mtx, 0
crankseg_1.mtx, 0
bmw7st_1.mtx, 0
FEM_3D_thermal2.mtx, 0
flickr.mtx, 0
venturiLevel3.mtx, 0
laminar_duct3D.mtx, 0
CO.mtx, 0
great-britain_osm.mtx, 0
Ge87H76.mtx, 0
xenon2.mtx, 0
bmw3_2.mtx, 0
pre2.mtx, 0
hugetric-00000.mtx, 0
Ge99H100.mtx, 0
TSOPF_FS_b300_c2.mtx, 0
rajat29.mtx, 0
Hamrle3.mtx, 0
Ga19As19H42.mtx, 0
TSOPF_RS_b678_c1.mtx, 0
TSOPF_RS_b300_c3.mtx, 0
m_t1.mtx, 0
x104.mtx, 0
tmt_unsym.mtx, 0
as-Skitter.mtx, 0
hood.mtx, 0
torso3.mtx, 0
hugetric-00010.mtx, 0
crankseg_2.mtx, 0
CurlCurl_2.mtx, 0
kron_g500-logn18.mtx, 0
M6.mtx, 0
pwtk.mtx, 0
thermal2.mtx, 0
hugetric-00020.mtx, 0
bmwcra_1.mtx, 0
333SP.mtx, 0
largebasis.mtx, 0
AS365.mtx, 0
Si87H76.mtx, 0
Chebyshev4.mtx, 0
human_gene2.mtx, 0
SiO2.mtx, 0
NLR.mtx, 0
delaunay_n22.mtx, 0
germany_osm.mtx, 0
coPapersDBLP.mtx, 0
rajat30.mtx, 0
BenElechi1.mtx, 0
asia_osm.mtx, 0
coPapersCiteseer.mtx, 0
TSOPF_FS_b300_c3.mtx, 0
adaptive.mtx, 0
rgg_n_2_21_s0.mtx, 0
kkt_power.mtx, 1
atmosmodl.mtx, 0
atmosmodm.mtx, 0
TSOPF_RS_b2052_c1.mtx, 0
af_shell9.mtx, 0
af_shell8.mtx, 0
af_shell7.mtx, 0
af_shell6.mtx, 0
af_shell5.mtx, 0
af_shell4.mtx, 0
af_shell3.mtx, 0
af_shell1.mtx, 0
af_shell2.mtx, 0
nd12k.mtx, 0
cage13.mtx, 0
patents.mtx, 0
CurlCurl_3.mtx, 0
ohne2.mtx, 0
in-2004.mtx, 0
Si41Ge41H72.mtx, 0
packing-500x100x100-b050.mtx, 0
cit-Patents.mtx, 0
nlpkkt80.mtx, 0
PR02R.mtx, 0
eu-2005.mtx, 0
torso1.mtx, 0
wikipedia-20051105.mtx, 0
atmosmodj.mtx, 0
atmosmodd.mtx, 0
road_central.mtx, 0
TSOPF_RS_b678_c2.mtx, 0
msdoor.mtx, 0
hugetrace-00010.mtx, 0
af_5_k101.mtx, 0
af_4_k101.mtx, 0
af_2_k101.mtx, 0
af_3_k101.mtx, 0
af_0_k101.mtx, 0
af_1_k101.mtx, 0
StocF-1465.mtx, 0
Ga41As41H72.mtx, 0
kron_g500-logn19.mtx, 0
nd24k.mtx, 0
human_gene1.mtx, 0
gsm_106857.mtx, 0
Fault_639.mtx, 0
delaunay_n23.mtx, 0
hugetrace-00020.mtx, 0
F1.mtx, 0
mouse_gene.mtx, 0
hugebubbles-00000.mtx, 0
rgg_n_2_22_s0.mtx, 0
CurlCurl_4.mtx, 0
hugebubbles-00010.mtx, 0
road_usa.mtx, 0
Emilia_923.mtx, 0
memchip.mtx, 0
